{"cameraMode":{"drawMode":0,"name":"Shaded","section":"Shading Mode"},"sceneLighting":true,"audioPlay":false,"sceneViewState":{"m_AlwaysRefresh":false,"showFog":true,"showSkybox":true,"showFlares":true,"showImageEffects":true,"showParticleSystems":true,"showVisualEffectGraphs":true,"m_FxEnabled":true},"in2DMode":false,"pivot":{"x":-21.25063133239746,"y":9.680607795715332,"z":-14.812610626220704},"rotation":{"x":0.14149579405784608,"y":0.08543706685304642,"z":-0.012241097167134285,"w":0.986203670501709},"size":16.420413970947267,"orthographic":false}